22RP00135,John,Doe,BUSINESS,40
22RP00354,Jane,Smith,BUSINESS,35
22RP00123,Michael,Johnson,BUSINESS,32
22RP00155,Emily,Williams,BUSINESS,38
22RP00156,Christopher,Brown,BUSINESS,31
22RP00157,Amanda,Jones,BUSINESS,37
22RP00158,David,Garcia,BUSINESS,34
22RP00159,Jessica,Martinez,BUSINESS,36
22RP00160,Matthew,Hernandez,BUSINESS,33
22RP00161,Jennifer,Young,BUSINESS,39
22RP00162,Daniel,King,BUSINESS,41
22RP00163,Ashley,Lee,BUSINESS,37
22RP00164,Christopher,Scott,BUSINESS,32
22RP00103,Sarah,Gonzalez,BUSINESS,38
22RP00166,Robert,Walker,BUSINESS,35
22RP00167,Melissa,Hill,BUSINESS,33
22RP00168,James,Allen,BUSINESS,40
22RP00169,Laura,Wright,BUSINESS,36
22RP00170,Brian,Scott,BUSINESS,31
22RP00171,Stephanie,Lopez,BUSINESS,37
22RP00172,Joshua,Green,BUSINESS,34
22RP00173,Lauren,Adams,BUSINESS,39
22RP00174,William,Baker,BUSINESS,35
22RP00175,Danielle,Rivera,BUSINESS,36
22RP00176,Kevin,Carter,BUSINESS,33
22RP00177,Hannah,Mitchell,BUSINESS,41
22RP00178,Justin,Thompson,BUSINESS,38
22RP00179,Eric,Perez,BUSINESS,32
22RP00180,Megan,Ross,BUSINESS,37
22RP00181,Brandon,Campbell,BUSINESS,34

