22RP00135,John,Doe,JAVA,40
22RP00354,Jane,Smith,JAVA,35
22RP00123,Michael,Johnson,JAVA,32
22RP00155,Emily,Williams,JAVA,38
22RP00156,Christopher,Brown,JAVA,31
22RP00157,Amanda,Jones,JAVA,37
22RP00158,David,Garcia,JAVA,34
22RP00159,Jessica,Martinez,JAVA,36
22RP00160,Matthew,Hernandez,JAVA,33
22RP00161,Jennifer,Young,JAVA,39
22RP00162,Daniel,King,JAVA,41
22RP00163,Ashley,Lee,JAVA,37
22RP00164,Christopher,Scott,JAVA,32
22RP00103,Sarah,Gonzalez,JAVA,38
22RP00166,Robert,Walker,JAVA,35
22RP00167,Melissa,Hill,JAVA,33
22RP00168,James,Allen,JAVA,40
22RP00169,Laura,Wright,JAVA,36
22RP00170,Brian,Scott,JAVA,31
22RP00171,Stephanie,Lopez,JAVA,37
22RP00172,Joshua,Green,JAVA,34
22RP00173,Lauren,Adams,JAVA,39
22RP00174,William,Baker,JAVA,35
22RP00175,Danielle,Rivera,JAVA,36
22RP00176,Kevin,Carter,JAVA,33
22RP00177,Hannah,Mitchell,JAVA,41
22RP00178,Justin,Thompson,JAVA,38
22RP00179,Eric,Perez,JAVA,32
22RP00180,Megan,Ross,JAVA,37
22RP00181,Brandon,Campbell,JAVA,34