22RP00135,John,Doe,PHP,40
22RP00354,Jane,Smith,PHP,35
22RP00123,Michael,Johnson,PHP,32
22RP00155,Emily,Williams,PHP,38
22RP00156,Christopher,Brown,PHP,31
22RP00157,Amanda,Jones,PHP,37
22RP00158,David,Garcia,PHP,34
22RP00159,Jessica,Martinez,PHP,36
22RP00160,Matthew,Hernandez,PHP,33
22RP00161,Jennifer,Young,PHP,39
22RP00162,Daniel,King,PHP,41
22RP00163,Ashley,Lee,PHP,37
22RP00164,Christopher,Scott,PHP,32
22RP00103,Sarah,Gonzalez,PHP,38
22RP00166,Robert,Walker,PHP,35
22RP00167,Melissa,Hill,PHP,33
22RP00168,James,Allen,PHP,40
22RP00169,Laura,Wright,PHP,36
22RP00170,Brian,Scott,PHP,31
22RP00171,Stephanie,Lopez,PHP,37
22RP00172,Joshua,Green,PHP,34
22RP00173,Lauren,Adams,PHP,39
22RP00174,William,Baker,PHP,35
22RP00175,Danielle,Rivera,PHP,36
22RP00176,Kevin,Carter,PHP,33
22RP00177,Hannah,Mitchell,PHP,41
22RP00178,Justin,Thompson,PHP,38
22RP00179,Eric,Perez,PHP,32
22RP00180,Megan,Ross,PHP,37
22RP00181,Brandon,Campbell,PHP,34
